module,files,fan_in,fan_out,cycle
archiving,97,0,4,
data_exchange,95,0,4,
data_sources,177,0,3,
diagnostic_tools,20,0,2,
display,10,0,2,
eew,33,0,1,
grab_bag,15,0,1,
include,129,12,1,
libsrc,123,0,3,
reporting,39,0,5,
seismic_processing,332,0,2,
system_control,8,0,1,
third-party/b64,3,0,0,
third-party/filterpicker,10,1,1,
third-party/lib330,60,1,0,
third-party/lib660,42,0,1,
third-party/libcrypto,7,1,0,
third-party/libdali,13,1,0,
third-party/libgd,22,2,0,
third-party/libmseed,27,5,0,
third-party/libslink,271,1,0,
third-party/q660util,16,1,0,
third-party/qlib2,33,3,0,
third-party/sqlite,2,3,0,
