from_module,to_module,edges
archiving,archiving,83
archiving,include,222
archiving,third-party/libmseed,8
archiving,third-party/qlib2,8
archiving,third-party/sqlite,2
data_exchange,data_exchange,72
data_exchange,include,211
data_exchange,third-party/libdali,4
data_exchange,third-party/libmseed,8
data_exchange,third-party/libslink,1
data_sources,data_sources,284
data_sources,include,91
data_sources,third-party/lib330,4
data_sources,third-party/qlib2,1
diagnostic_tools,diagnostic_tools,4
diagnostic_tools,include,68
diagnostic_tools,third-party/libmseed,1
display,display,5
display,include,24
display,third-party/libgd,12
eew,eew,44
eew,include,62
grab_bag,grab_bag,7
grab_bag,include,47
include,include,126
include,third-party/libmseed,2
libsrc,include,356
libsrc,libsrc,1
libsrc,third-party/libmseed,1
libsrc,third-party/sqlite,1
reporting,include,83
reporting,reporting,20
reporting,third-party/libcrypto,2
reporting,third-party/libgd,10
reporting,third-party/qlib2,2
reporting,third-party/sqlite,1
seismic_processing,include,683
seismic_processing,seismic_processing,398
seismic_processing,third-party/filterpicker,4
system_control,include,24
third-party/b64,third-party/b64,2
third-party/filterpicker,include,1
third-party/filterpicker,third-party/filterpicker,19
third-party/lib330,third-party/lib330,273
third-party/lib660,third-party/lib660,210
third-party/lib660,third-party/q660util,27
third-party/libcrypto,third-party/libcrypto,5
third-party/libdali,third-party/libdali,14
third-party/libgd,third-party/libgd,22
third-party/libmseed,third-party/libmseed,37
third-party/libslink,third-party/libslink,1228
third-party/q660util,third-party/q660util,24
third-party/qlib2,third-party/qlib2,117
