module,files,files_parsed,production_physical,production_code,production_comment,production_blank,test_physical,test_code,functions,complexity_mean,complexity_median,complexity_p90,complexity_max,flagged,high,halstead_volume,halstead_effort,api,documented,documented_percent,coverage_lines,coverage_lines_covered,coverage_branches,coverage_branches_covered,coverage_functions,coverage_functions_covered,fan_in,fan_out,cycle
archiving,156,97,56523,35853,13617,7053,0,0,357,12.50,7.0,31,115,122,61,718621.24,38252419.06,824,322,39.1,,,,,,,0,4,
data_exchange,155,95,45702,29670,10654,5378,0,0,354,12.79,6.0,37,152,116,65,695625.64,32510007.99,145,30,20.7,,,,,,,0,4,
data_sources,477,177,153861,95788,32855,25218,716,615,906,6.90,3.0,16,190,158,57,906382.36,37831241.97,2982,1153,38.7,,,,,,,0,3,
diagnostic_tools,33,20,16801,11145,3323,2333,686,448,70,18.07,7.5,44,181,29,18,220786.17,14013304.44,33,30,90.9,,,,,,,0,2,
display,51,10,22294,15665,3723,2906,0,0,232,9.14,5.0,19,133,60,21,427042.71,27343212.81,328,277,84.5,,,,,,,0,2,
eew,79,33,22455,14619,4867,2969,0,0,81,12.36,5.0,27,133,21,11,188711.41,13116803.96,260,104,40.0,,,,,,,0,1,
grab_bag,41,15,25628,10752,9800,5076,0,0,66,12.88,8.0,26,89,27,10,130345.49,4768225.95,54,11,20.4,,,,,,,0,1,
html,1,0,846,604,115,127,0,0,0,0.00,0.0,0,0,0,0,0.00,0.00,0,0,0.0,,,,,,,0,0,
include,185,129,40137,14133,18878,7126,0,0,0,0.00,0.0,0,0,0,0,0.00,0.00,4256,2486,58.4,,,,,,,12,1,
libsrc,182,123,96678,63317,22644,10717,293,203,1164,9.56,4.0,22,711,275,135,1858414.64,131365699.13,0,0,0.0,,,,,,,0,3,
reporting,53,39,32786,23546,5046,4194,37,27,298,11.13,5.0,26,157,73,35,604303.38,34713175.13,358,276,77.1,,,,,,,0,5,
seismic_processing,401,332,142726,93234,32249,17243,252,168,1156,12.05,5.0,32,193,324,181,2471255.71,155778026.38,2432,1672,68.8,,,,,,,0,2,
system_control,24,8,4445,2310,1578,557,0,0,21,7.05,8.0,13,19,4,0,19450.85,364898.14,0,0,0.0,,,,,,,0,1,
third-party/b64,4,3,353,217,77,59,0,0,3,10.67,9.0,22,22,1,1,5353.49,429934.89,3,3,100.0,,,,,,,0,0,
third-party/filterpicker,20,10,2746,1751,519,476,352,244,12,9.33,4.5,15,52,3,1,28997.80,2166703.75,147,20,13.6,,,,,,,1,1,
third-party/lib330,60,60,28617,25027,1890,1700,0,0,482,6.21,3.0,12,166,58,29,676301.04,26346475.93,2205,1213,55.0,,,,,,,1,0,
third-party/lib660,42,42,15245,11009,1484,2752,0,0,251,6.59,3.0,15,99,40,15,341129.90,15480169.55,1040,577,55.5,,,,,,,0,1,
third-party/libcrypto,7,7,811,375,300,136,0,0,9,2.67,2.0,9,9,0,0,17506.16,1238517.73,28,20,71.4,,,,,,,1,0,
third-party/libdali,14,13,6219,3625,1785,809,0,0,73,8.73,8.0,17,45,26,5,83895.28,3542710.23,102,39,38.2,,,,,,,1,0,
third-party/libgd,23,22,12348,10563,800,985,0,0,62,6.82,4.0,20,25,13,6,61015.31,2893788.77,142,38,26.8,,,,,,,2,0,
third-party/libmseed,60,27,40272,25303,9846,5123,5104,3726,700,6.92,2.0,14,196,97,49,646504.28,38508001.08,716,478,66.8,,,,,,,5,0,
third-party/libslink,280,271,215925,125709,65281,24935,0,0,2477,5.27,3.0,11,155,282,82,1926344.64,78302848.91,2697,2161,80.1,,,,,,,1,0,
third-party/mysql-connector,509,0,250814,192971,29849,27994,23106,16654,0,0.00,0.0,0,0,0,0,0.00,0.00,0,0,0.0,,,,,,,0,0,
third-party/q660util,16,16,5851,4216,669,966,0,0,79,5.75,3.0,14,66,10,5,73713.51,3350939.76,591,310,52.5,,,,,,,1,0,
third-party/qlib2,35,33,15677,9618,4261,1798,0,0,198,7.47,3.0,19,79,41,18,203152.47,10616745.47,1089,544,50.0,,,,,,,3,0,
third-party/sqlite,2,2,221118,130545,75795,14778,0,0,1978,7.02,3.0,13,702,272,121,2411609.27,206009192.36,481,219,45.5,,,,,,,3,0,
TOTAL,2910,1584,1476878,951565,351905,173408,30546,22085,11029,8.03,3.0,18,711,2052,926,14716462.75,878943043.39,20913,11983,57.3,,,,,,,,,
